Player,Team,Bats,Year,PA,No.1,score,No.2,score,No.3,score
 Òj,_,L,2020,311,p ,40.66939881532551,c L,46.58325879540846, W,67.57290123312822
ߖ{ i,_,L,2020,519,HR Č,56.463188435799964,g P,58.48271466600894, ll,61.310684223877324
}e,_,R,2020,119,O C,83.10980528216099, ,88.91569040388767,X đ,89.62952193887693
g P,,L,2020,389,c s,54.36863851435326,HR Č,57.82152656814979, E,61.261036168126054
{ El,,R,2020,479, hl,59.44272395975297, ,61.69278726074872,}Lm,62.185207244167
 _,,L,2020,491, @,53.55997119630467,J K,88.03408430829505,ߓ ,92.27103740035444
{ a^,,R,2020,500,R 䍂,63.612383806798114,c ,70.58212916688811,}e,71.13367697511495
{[A,_,L,2020,379,T-c,69.25595496408778,IOfB,78.587530817554,|R,80.73303218076795
 l,_,L,2020,244, E,47.46863090994054, ^O,48.05205510693585,HR Č,51.016545539540985
T Ps,,L,2020,156,֍ C,62.297672508690084,ؘQ ,69.9229438132064,c C,72.29799443968
 GV,,R,2020,312,c ,57.15767664977295,OVA,60.489668539346454,_ Sm,70.18546858146635
p[,,L,2020,154, ,60.27437266367855, W,60.36555309114628,Έ ꐬ,76.33011826301006
ؘQ ,_,L,2020,334,֍ C,44.45222154178574, Đ,60.249481325568276,c z,61.11730967887401
~ Y,_,R,2020,342, đ,60.70420084310476,OVA,81.17265549432271,i T,81.90727234124616
YJ mN,,R,2020,114,F ċP,79.58014827832379,c ,81.03085831953157,V ,94.4828026679988
哇 m,,L,2020,525, ^O,43.68065933568311, s,55.52993904833107,c ,63.95493256204397
c ǉ,,R,2020,193,mCW[,73.07530362578044,n ,84.50789289042034,c ,94.59386872308374
Ae,,B,2020,247,c ,66.24198064671678, C,69.18126378640503,Ζ hܘY,73.86350337278469
rVGh,,R,2020,462,ΐ V,67.57958271549181,IXi,70.17284553857478,c i,71.16178749862878
 ,,L,2020,438,O E,55.72252686302013, Y,63.16747546166676, n,68.21627966691334
 q,,L,2020,458, l,64.06450614629055,R ,70.2922470831599, W,71.95684544146438
Rc Nl,,R,2020,384,O C,65.62943584184936, ,71.49125820686051,TY,78.01140299062166
 e,,L,2020,425,gc ,41.750406959781934,ߓ ,71.06233449416193,J K,84.74668135095321
 @,,L,2020,515,ߓ ,91.3267070161223, _,94.23681658916288,J K,95.05787710652916
 ח,,R,2020,179, đ,64.37390775772433,א ,74.85636502026536,T^i,78.42773634079494
Y,,L,2020,113,,71.15476090888086, Đ,84.40379138403677,R ,91.31264972609216
GXRo[,,R,2020,401,c ,82.42572413997951,F ċP,85.94765849050223,g OY,88.89620163648173
 ,,R,2020,459,JXe,68.1395626636978,_ Sm,74.18220810949214,ΐ V,75.92101158440923
c z,,L,2020,491,c C,61.11464636239009,֍ C,63.835726674018524, G,64.18826816516378
؉ ,,R,2020,269,c i,67.27555276621665,mCW[,74.47818472546173,_ Sm,77.13624310270757
c i,,R,2020,216,s,57.37595315112421,l,66.0757835374366,JXe,66.4529909033446
{{ ,,L,2020,172,c ,66.72336757253102,p ,67.63135367564367, ^O,67.65352910233139
 M,,L,2020,155,R ,85.26429498916883,c z,100.06425257933373,c C,104.83797022071727
A u,,R,2020,142,frbh\,65.58963332722634,c ,82.72905940320271,R qP,86.61194516581844
s,L,R,2020,337,JXe,56.089214649520635,l,59.993484172302274,er ,67.36325312482805
er ,L,R,2020,429,R{ S,51.6817182376902, \,52.6867621847973,_ Sm,62.27358990776106
 n,L,L,2020,328,HR Č,47.35067305877864, Y,56.83996902690373,HL Dl,65.65820588471787
 ,L,R,2020,514,}e,62.6418390534633, ,73.91210996852952,}Nu[,82.8854631404084
J K,f,L,2020,482,Ζ hܘY,71.71852393547431,C ,90.25508144356263, T,91.64042654390357
 q,f,L,2020,115,,63.97655820689325,R WN,84.25008592158468, Đ,97.38583059151881
\g,f,R,2020,480,c ,49.90765766297366,frbh\,50.309044912421065, Dn,51.54609587543949
V ,L,R,2020,263, đ,52.230259428802384,s,77.99358948016176,EB[[,78.26876771739798
 đ,L,R,2020,451,EB[[,72.47068372797375,Si T,72.9657453878188, ח,78.34881323424293
c L,L,L,2020,454, Òj,46.58325879540846, O,56.52036243824268,c ,59.75283884258877
 b,f,L,2020,451,Ζ hܘY,66.39753687034758,c I,72.8671881781185,J K,73.90534486760751
yX,f,R,2020,305,l,58.076105395836635,tR,64.4437739428721,c _,74.17741282387425
{ qY,f,R,2020,460,R{ S,66.51315659326356,Si T,83.06623862918075,s,86.44651525654461
a,f,R,2020,225,R{ S,58.677082408722406,K u,69.7267045161931, I,73.43148688683327
I[XeB,f,R,2020,269,CGX,40.93897898091744,א ,49.32949884476662,,55.263007518592396
q{ F,f,L,2020,216, Đ,43.30127018922193, ll,60.40695324215582,R WN,65.74232625284938
 yP,,L,2020,523,p ,93.09135298189624, T,94.36240656493615, Òj,94.97368056467013
c ׎,,R,2020,481,ጎ ,43.70354676682432,W[Y,65.28399497579785,JXe,70.40596565632774
ߓ ,,L,2020,467, ^O,93.85094565320053, yP,94.53776346694751, T,101.84967249107098
XpWFo[O,,L,2020,445, P,62.28985819665736,T-c,93.62928929859595, V,97.03607576566563
c s,,L,2020,518, ll,45.31004303683677,HR Č,58.13242102249025, E,63.467950408425224
X F,,L,2020,405,{ ׎j,47.12748667179272,֍ C,65.33758489567853,g P,69.82746525988514
c ,,R,2020,506,R 䍂,59.956789836693346,EH[J[,71.9027120489902,frbh\,72.37402849088892
n ,,R,2020,465,OVA,53.88877434122992,R{ S,59.0592922409336, GV,65.0
Έ ꐬ,,L,2020,104, G,113.11033927364065, su,121.86213774091485, ,123.01625908797584
R 䍂,,R,2020,401,{ a^,72.67029004590935,TY,73.38503151313813,Rc Nl,78.95702101596444
O C,,R,2020,500,R{ S,64.88451279003334,K u,71.21457825589476,n ,75.07724227333642
 ,,R,2020,297,ؑ I,65.07687761409578, ,78.2815431631237,b ,81.67363871487291
F ^,,L,2020,187,,73.47108274688756,R WN,98.03180607631778, ,101.3706071797935
IR I,,L,2020,428,Ζ hܘY,53.1720365952316, T,53.32692762497848,q ,61.17917209311823
ؑ I,,R,2020,301,_ Sm,64.25729530566937,ΐ V,66.76825593049439,mCW[,76.9285382676676
q Ўi,,B,2020,338,R WN,54.48236137194351,e ,55.854485969288156,c s,56.34810391631235
{ KY,,L,2020,263,{ ׎j,77.31106001084191, O,80.29158889960792,{[A,82.13403679352427
Ζ hܘY,y,L,2020,321,J K,70.0,q ,70.09805404949945,C ,73.64582615654241
 n,y,L,2020,546, ^O,50.665570163573605,哇 m,56.37601078657471, E,60.42940429742155
ubV,y,R,2020,149,}Nu[,90.07774419910837,O C,97.74385877992835, ,99.96499387285532
 hl,y,R,2020,529,I[XeB,53.672076903202026, ,61.06447935302276,T^i,68.61122482402664
 G,y,L,2020,471,O E,56.18718715152058, n,57.963492503241284, Y,59.484803099395116
T-c,I,L,2020,377,IOfB,56.00892785976178,|R,57.44168517774913,{[A,69.59166616772443
hQX,I,R,2020,211,Y ,47.11687595755899, Dn,64.00781202322104,l,66.31460634545466
gc ,I,L,2020,492,ߓ ,78.95797375604346,J K,87.41281370600079,Ζ hܘY,89.93003171930839
,y,R,2020,404,Zf[j,44.384682042344295,EH[J[,55.308227236099334, ,57.91579856213181
⎟,y,L,2020,245, q,61.62791575252241, l,67.3696181391546,@ C,67.87893629495494
c ,y,R,2020,164,V ,79.82480817390042,mCW[,83.49251463454674,JXe,83.7615663654877
C ,y,L,2020,282,HL Dl,90.34378783292186, ,92.32009532057471,Έ ꐬ,97.9405637849043
W[Y,I,R,2020,338, Dn,50.98038838612354,c ׎,65.28399497579785,c _,70.47739106809074
 \,I,R,2020,155,F ċP,43.18564576337837,V ,46.78675026115834,c ,59.36328831862332
 ,I,R,2020,285,F ċP,47.644516998286385,c ,53.58171329847526,V ,65.1766829472013
ጎ ,I,R,2020,215,l,52.36245845810137,JXe,66.12110101926616,Y ,71.68681887209112
B ,I,R,2020,311,n ,73.35840973799365,OVA,86.45808232895291,R{ S,87.44712688247682
c G,,L,2020,225,,66.96267617113283,Ǌ ,71.52621896899066, BH,75.77598564189053
p ,,L,2020,254,[c ,55.25181216122271,@ C,55.28425017451654, ,55.9072125115255
 Mi,,R,2020,236,R{ S,56.57738063926254, ,84.29697382499278, \,85.36164642983766
 m,\,L,2020,178,,40.11234224026316, ,62.80127387243033, BH,68.47627326307996
I ˖,\,L,2020,500,{ ׎j,71.5122367151245,T-c,78.27393560835489, BH,83.88086790204308
c I,\,L,2020,515,J K,79.3473376995095, @,87.0520798181108,Ζ hܘY,90.70831865471955
oeB,\,R,2020,218,frbh\,90.47651629014017, Dn,97.77525249264254,c _,101.05336189019087
A[h,,R,2020,147,tR,50.149775672479336, Dn,57.96550698475775,c _,59.269605477967595
}[eB,,L,2020,448,|R,63.5529004756601,{ KY,79.04928731055077,T-c,80.06615431025912
 ,,R,2020,499,R{ S,57.14017850864661,O C,58.51779393197566,er ,68.51363639374549
c _,\,R,2020,431,l,44.294145548325915,tR,45.27692569068709, Dn,56.382621436041795
{ ,\,R,2020,177,c i,59.50630218724736,c _,59.60485013576659,ΐ V,60.149812967290266
b ,\,R,2020,360, ,61.39218191268331,TY,67.0005337690615,Rc Nl,68.24743205723277
 ,,R,2020,447,}Lm,44.48595283907045,TY,52.06576317330392, ,56.815490845367165
c O,,R,2020,237,c ,54.286278192559855,V ,58.71967302361279, P,64.71518332138123
 T,,L,2020,370, q,47.885279575251516,R WN,61.930812955402175, l,63.9060337561496
q 听,\,L,2020,180,,61.91930232165088,֍ C,68.54925236645546,c z,71.7123834558538
c ,,L,2020,460,c L,59.34644049983116, Òj,73.72923436466705,p ,75.77598564189053
 C,\,L,2020,346, ,49.86983055916673, ll,52.848841046895245, Đ,55.97320787662612
 u,\,L,2020,172, ,63.67888189973188,[c ,67.50279781115204, E,69.43785868655256
R I,_,R,2020,471,,42.60281680828159,c ,51.237281811680674, ,55.257714216756966
k j,_,R,2020,112,V ,68.3593446428504,c ,86.84468895678077,F ċP,91.08786966440702
 O,,L,2020,308,c ,73.26377708349091, ,74.89651839195975, ,83.42062095189654
z ,_,R,2020,182,frbh\,54.13871073455665,R qP,55.0077946477701,\g,69.58045871395558
 v`,L,R,2020,299,OVA,50.82322303829225,c ,58.43800133474792,EB[[,60.687725282795036
 DS,,R,2020,157,V ,70.97182539571601,c ,84.23775875461075,F ċP,88.95504482602435
[c ,y,L,2020,437, ^O,36.069377593742864,c ,52.59235383367257, s,57.30620630408688
` F,,R,2020,129,V ,83.73768566183328,F ċP,86.20904824900923,c ,98.42255838983256
R WN,,L,2020,323, Đ,62.55397669213365,e ,68.37357212674627, ,69.3325320466518
Y ,,R,2020,310,l,58.47335871914062,JXe,70.19259220174163,ጎ ,81.59656855530139
˒ F,f,L,2020,277,,69.33974329343886, ,69.45502141674135,c z,76.48153171444764
ēc ,f,L,2020,276, Òj,38.704004960727254,c L,47.62352359916263,p ,48.641546028061235
 ,f,R,2020,105,Y ,57.59340239992772,l,77.21331974187063,GXRo[,78.3517708797957
 r,,R,2020,116,GXRo[,45.13313638558703,mCW[,62.64982043070834,c ,67.97793759742936
J m,,B,2020,161,ؑ I,81.70679286326198,ΐ V,82.68010643437755,mCW[,82.80096617793781
 ,,L,2020,191, ,64.07807737440318, q,73.0479294709987,R WN,75.7097767267285
c l,y,R,2020,109,frbh\,86.45808232895291, Dn,94.22844581123049,tR,95.4358423235212
쓇 cO,\,R,2020,162,}e,80.52328855678958,Si T,88.40814442120137,{ qY,94.05164733280438
c G,,R,2020,209,}Nu[,49.52776998815917,א ,57.918836067367664,EB[[,63.15853069855251
q ,L,L,2020,228,Ǌ ,58.0,֍ C,61.70899448216605,R ,68.2934843158555
 WO,,B,2020,159, Đ,56.05354582896607,,58.625932828399414,q Ўi,62.5859409132754
 su,,L,2020,127, ,61.85466837676846,{ ׎j,62.53798845501828,c z,68.84821224608744
 Ј,I,R,2020,198,JXe,39.786932528155525,l,45.01357160692232,s,50.40833264451424
 ᩑ,I,R,2020,162,GXRo[,83.89874850079708,JXe,92.22797840135064,c ,97.19567891629751
TY,_,R,2020,443, ,45.155287619502545,}Nu[,50.039984012787215, ,53.842362503887216
R ,L,L,2020,425,֍ C,62.177166226839255, ,67.54998149518622, Cl,69.89864394713503
 T,y,L,2020,129,J K,84.53401682163222,Ζ hܘY,85.33995856100572,C ,85.73044226858093
 ,,L,2020,157,,65.58200972827838,ؘQ ,77.84392800521088,e ,83.72574936462735
c ,,R,2020,215,s,73.2120208708925,Y ,79.64295323504773,b ,82.957315166074
R B,I,R,2020,105,F ċP,49.08156476723211,c ,57.253820833198546,V ,72.03471385380801
EB[[,,R,2020,288,s,65.82552696332935,IXi,69.97958694492729,ΐ V,79.57386505631105
{ ,,R,2020,162,F ċP,30.54504869860253,c ,31.622776601683793,V ,65.87108622149782
@ C,I,L,2020,203, q,92.2875939658197, su,93.38184511814033, O,97.51475261585445
`D}eBlX,,R,2020,109, ח,78.13133739316764, GV,79.95623803056269,}Nu[,89.62142600963232
_ aB,f,L,2020,190, ,82.18025182800007, B,82.23758270340547, T,83.14343317579477
 m,,L,2020,275, B,52.47773585521702, yP,72.75785888291448,p ,73.5255057786072
rkGo,,R,2020,196,c _,86.1109170361064,s,90.92854337335444,W[Y,91.21951545584969
 W,\,L,2020,413,c ,50.132163865580615,[c ,51.000114603085194,p ,53.207142377692115
쐣 W,\,L,2020,164,,57.07889277132134,֍ C,87.0,ؘQ ,87.34750378430648
吷 ,L,L,2020,148,c{ T,73.22567855609124, ,78.24321056807422, Đ,79.93747556684536
 ,,L,2020,313, ,71.40728254176881,R WN,81.07891451445262,[c ,81.22859682336093
qA,,R,2020,260, Dn,49.39635614091387, ,51.234753829797995,frbh\,54.86346689738081
c ,I,L,2020,312,p ,32.92415526630866, W,57.14434172431639,[c ,62.82591748291785
,I,L,2020,176,c I,107.40681062302991,XpWFo[O,109.76338187209795, P,111.69028207266985
c a,y,B,2020,282,ጎ ,58.89821729050889,JXe,69.87131027825369,HL Dl,70.69653456853455
_c M,,R,2020,105,Y ,45.221676218380054,l,85.81862114954389, Y,92.04342172294997
OVA,\,R,2020,276,c ׎,62.601916903558156,ጎ ,68.5638388656878, đ,69.2314957226839
{ TY,I,R,2020,141,ጎ ,65.50572494064927, GV,73.9459261893446,c ׎,75.14652353901675
 ,_,L,2020,134,,66.89544080129826, Đ,79.5989949685296,R WN,102.98550292980406
 đ,,L,2020,180,c C,79.4921379760288, su,84.39786200088349,R ,84.73488065725944
剺 Y,I,R,2020,104,er ,76.6054270811912,s,82.04267182387468,O C,82.3493748996643
 ,,L,2020,105,HL Dl,77.54353615872827, W,82.93973715897586, BH,90.80198235721508
K u,f,R,2021,571,OVA,56.07138307550475,EB[[,58.378078077305695,R{ S,59.91660871578097
֍ C,f,L,2021,139,c C,71.62401831787993,c z,75.92398388418323, ,75.94076639065476
q G,f,R,2021,523,J u,46.57252408878007,ڋ{ T^,70.9365914038728, \,76.82782306802284
J K,,L,2021,246, Y,58.4460121572432,HR Č,62.90437594174877,g P,68.75499115867906
 WO,,B,2021,242,mCW[,43.977266854592045,c ,69.68500556073738,؉ ,69.85237574312497
{ El,,R,2021,487,}Nu[,49.37610758251404,}Lm,50.0, ,52.354560450833695
{ a^,,R,2021,592,}eBlX,58.72277604241986,c ,65.70415754002724,}Lm,69.87131027825369
 _,,L,2021,457, @,46.45291254797946,}[eB,86.32668658030033,{[A,88.7130204648675
EB[[,,R,2021,427,}Lm,56.621550667568265, ,59.77457653551382, ח,65.47174214152966
 O,,L,2021,386, ,59.69087032369355,{ ׎j,81.79242018671412,,81.95120499419151
 ,,L,2021,477,HL Dl,64.16385275215322, T,65.01494425464143, Y,66.19516213398364
 b,f,L,2021,615,Ζ hܘY,62.45853197022255,q ,67.32918711054647,O E,68.65129277733959
{ qY,f,R,2021,569,R{ S,31.432467291003423,EB[[,62.83311228962003, Mi,63.49649978948877
ēc ,f,L,2021,266,R ,63.694583757176716,c L,64.03905058634146, O,68.67245107843682
 GV,,R,2021,195,JXe,44.170125650715555,ጎ ,52.44044240850758,c ׎,58.360945845659494
_ aB,f,L,2021,118, BH,91.10982383914481,,108.1434232859308, ,110.10903686800643
k ,,R,2021,103, đ,69.67065379340143,Si T,83.54639429682169,EB[[,90.13323471394999
a,f,R,2021,294,c ,38.05259518088089,F ċP,52.73518749374084,V ,62.55397669213365
T Ps,,L,2021,206, ,81.09870529176159, BH,86.79861750051091, ,87.22958213817145
ߖ{ i,_,L,2021,612, Y,70.08732104042049, n,82.64303478309064, n,83.53320874689643
 l,_,L,2021,488,c ,40.23836221903385,p ,44.83302354291979,[c ,50.801450327597664
}e,_,R,2021,526, ,65.94694837519019,X đ,76.07662519410121, ,76.82091952673164
 e,,L,2021,501,{ ׎j,56.01785429664367, n,61.04903789943837, O,70.0024610136094
Rc Nl,,R,2021,581,}e,47.58150901348127, ,54.45922159809288, ,67.20863039818622
R I,_,R,2021,512,}Lm,57.37595315112421,IXi,59.08426478766806,W[Y,60.8276253029822
TY,_,R,2021,461,}Lm,48.92851929090027, ,50.28916384272063,}eBlX,57.113215287265135
 P,_,L,2021,455,XpWFo[O,57.148928248918196,,99.36800289831733,T-c,100.81781644564057
~ Y,_,R,2021,458,n ,77.97859447006698, P,84.48738093626169,c ,86.42337646724988
ؘQ ,_,L,2021,132,,56.79788728465171,֍ C,67.97793759742936,R ,69.41901756723442
 @,,L,2021,615, _,69.93072976437546,}[eB,83.78821398757893,gc ,96.03978904500411
 ח,,R,2021,534, đ,58.412327466040935,EB[[,67.03730304837748,}Nu[,74.01351227985333
Y ,,R,2021,276,mCW[,83.30066026148893,V ,83.4146270146909,JXe,87.08616422830896
 I,,R,2021,445,B ,46.58281714836214,n ,74.32950332852937,R{ S,87.89766777338293
 Òj,_,L,2021,119, ,76.43951857514541,{ ׎j,81.74350127074322, BH,86.02325267042627
É D,,R,2021,125,F ċP,61.13918547053109,c ,73.38255923582933,GXRo[,78.88599368709251
 ,_,L,2021,525,c s,47.965723595243254,c C,55.68662316930342, E,58.00818763064131
哇 m,,L,2021,596,c ,51.55830111420271, l,52.41903136501995,[c ,55.189629711117576
 ,,R,2021,240,c ,53.80520420925842,V ,58.82176467941097,mCW[,62.281618476080084
 ,,L,2021,520,֍ C,56.753854494650845,c s,57.066106236879,e ,59.893408548177376
c L,L,L,2021,160,R ,42.17819341792628, q,57.879184513951124, O,86.0
er ,L,R,2021,542, \,61.43695834734686,W[Y,64.53681120105021,}Lm,68.66585760041157
 n,L,L,2021,551, Y,50.05690261161459,HR Č,54.470955726922114,HL Dl,57.175169435691224
 ,L,R,2021,533,I[XeB,57.62696720242084, hl,65.27058611269544, ,87.12060605849801
R ,L,L,2021,194,p ,70.9365914038728, ,71.37189529530679, Òj,75.67033764957046
rVGh,,R,2021,526,c i,65.09224224129939,}Lm,78.21764506810467,R{ S,78.48566748139433
c z,,L,2021,448,c C,32.802438933713454, ,57.262553208881634, Đ,70.35623639735144
؉ ,,R,2021,393,c i,51.65268628057983,}Lm,66.55073252789934, GV,66.79820356865893
N,L,R,2021,137, ,43.069710934716056, Dn,62.51399843235114,frbh\,70.80960386840192
 đ,L,R,2021,143,F ċP,71.74956445860839,V ,72.85602240034794,c ,90.26073343375845
V ,L,R,2021,204,mCW[,60.108235708594876,n ,66.55946981256031,c ,69.6921803361037
 V,,L,2021,188,,68.07348970047003, Đ,82.28608630868283,R WN,85.43916775151429
 F,,L,2021,216,{ ׎j,69.46221994724903,c L,71.74956445860839, O,77.33974434009627
q ,L,L,2021,484, T,67.32988527279483,O E,69.66347680097513,Ζ hܘY,75.10638878875714
 v`,L,R,2021,140,~ Y,82.08136972886321,mCW[,82.365041127896,c ,83.2706430862642
 yP,,L,2021,547,p ,41.27953488110059, Òj,57.584720195551874,c L,61.91930232165088
{ ,,R,2021,104,n ,75.88283539494319, P,82.19161987396166,mCW[,94.02659198333204
ߓ ,,L,2021,545,J K,82.10968274204937,gc ,82.49416725328116, T,88.0468380446039
C ,y,L,2021,443,{[A,79.91245209602819, O,81.56668132701144,c ,91.75466050067513
[c ,y,L,2021,455,p ,44.05678154382138, l,46.7917728270543,c ,50.66322051151923
 G,y,L,2021,599, _,68.2962879105525,gc ,85.55066621267304, @,85.75697218872986
 hl,y,R,2021,595,Si T,68.65857557508748, C,75.67867263765467,EB[[,76.72027111526653
Ζ hܘY,y,L,2021,466,J K,73.43704787094863,T-c,74.66417294417687, T,76.11180992763481
 n,y,L,2021,628,O E,44.66542286825459,{ ׎j,58.881236400062114, W,67.65831628931834
c ,,R,2021,150,c _,61.07484424214981,tR,65.35288822997802, Dn,69.03622237637282
n ,,R,2021,325,B ,72.06944772423248,OVA,74.02026749478821, P,76.2902810468936
c ׎,,R,2021,206,Y ,55.67764362830022,l,79.30418581829608,mCW[,85.62709851443059
c ,y,R,2021,281,V ,66.09084656743322,c ,71.40728254176881,F ċP,74.4043009509531
쑺 C,,R,2021,394,_ Sm,63.21392251711643,mCW[,83.73171442171717,JXe,85.75546629807339
 DS,,R,2021,256,~ Y,72.91864656664072,V ,88.48728722251576, P,91.70357069115553
 ,,L,2021,117,R WN,81.05264884615934, ,88.94942383174835,R ,96.0780932366999
Ǌ ,,L,2021,458, Đ,68.90573270780887,R ,70.69653456853455, ,73.57309290766564
Έ ꐬ,,L,2021,321,R WN,66.12639116647462, ,66.42288762166245, Đ,67.46109990209172
c ,I,R,2021,159,Y ,59.76621118993574,l,89.96271608406441,yX,97.70875088752287
gc ,I,L,2021,455,ߓ ,75.3194054364794,J K,83.62415918859813, e,96.36022078343507
,I,L,2021,375, BH,49.1121166312347, ,55.326304774492215,R ,82.60750571225353
q Ўi,,B,2021,220,,34.87119154832539,F ċP,56.31163290120435,c ,58.1033561853358
c s,,L,2021,516, ll,49.06118628814432,HR Č,53.47896447981921, E,56.130810135315876
X F,,L,2021,520,ߓ ,69.35974903327273,Ζ hܘY,74.75183150138541,J K,76.68115805072325
R 䍂,,R,2021,414,c ,38.97407739699001,{ a^,68.26551083688098,,78.39642849007855
IR I,,L,2021,446, ,56.02677931132576, q,62.457985878508765,p ,63.103090257134
O C,,R,2021,300, I,72.00895178854401, ,73.24587456287553,er ,81.61834543044701
W[Y,I,R,2021,180,O C,85.6891428654296,}Lm,86.89073598491383,c _,90.46432774338518
{ TY,I,R,2021,542,CGX,38.45776904605882,,55.97320787662612,א ,56.10136539317655
ڋ{ T^,I,R,2021,125, ,42.95346318982906,EH[J[,54.53439281774392,Zf[j,59.80802621722272
@ C,I,L,2021,543, Y,55.54108838267206,g P,60.53360580287908, n,61.029286115780806
 ,,R,2021,475,J u,39.64845520319802,Zf[j,45.35416188179427,{ TY,61.55721299429759
g OY,I,R,2021,473,Y ,47.644516998286385,l,53.711873338569006,c _,74.06058190357625
T-c,I,L,2021,407,|R,50.41268281251379,IOfB,61.41661013113635,I ˖,63.42485020524011
 Ј,I,R,2021,262,c ,51.31276644267, Y,58.85926964512305,F ċP,61.95159400693416
 Mi,,R,2021,643,R{ S,55.04543577809154, \,76.06476303394363,EB[[,84.35638683585256
}[eB,,L,2021,499,|R,68.71357536398992,T-c,77.23815982586724,{ KY,79.822246692595
 C,\,L,2021,188, ,77.28518616138541,R WN,84.65650049949915, Đ,92.44457799135652
{ ,\,R,2021,413,F ċP,42.035699113967404,c ,42.16633728461603,V ,44.395945760846224
c I,\,L,2021,593,Ζ hܘY,85.03179461932868,{ KY,93.88875830476995,}[eB,94.05364583851829
OVA,\,R,2021,150,EB[[,52.933921071464184,c ,70.02856560004639,T^i,80.36424728307809
 W,\,L,2021,552,p ,48.75448697299562, q,61.75759062657804,[c ,68.79773173321439
c ,,L,2021,399,c L,45.94562003064057,{ ׎j,59.481089431852205, O,59.8556894578561
R qP,,R,2021,228, ,84.53993139339539,Si T,91.27978965795221, đ,97.29337079164233
 ,,R,2021,615, Mi,51.42333970914018,R{ S,74.2024258363566, C,76.96321501137976
fXpCl,\,R,2021,308, hl,65.52928707863761,EB[[,68.33008122342603, ,69.51258878793107
I ˖,\,L,2021,596,T-c,66.62781485943242,O E,77.03246069028303,q ,78.88478045978508
c _,\,R,2021,390,tR,46.10856753359401, Dn,48.75448697299562,IXi,61.04648189105621
c O,,R,2021,165,n ,63.8987924487011,B ,71.39043743820395,~ Y,84.85202019417417
 ,,L,2021,254,c ,71.37256529615536, BH,73.62064927722385, ,76.73982017179868
b ,\,R,2021,479, đ,69.7853852894716,O C,91.26403354669343, ,91.39474820797966
g P,,L,2021,329,֍ C,45.43126676640219,c z,56.53304215215516, Cl,57.87459880277451
˒ F,f,L,2021,135, ,51.20546845796843, G,66.45306208250254,c z,70.44158888880551
R D,,L,2021,235, ,54.0277706369604,c C,56.444663166680336,c z,70.63338321961373
n ,y,L,2021,113, ll,41.2189276910499,c{ T,54.72659317004851,HR Č,57.255943714430195
⎟,y,L,2021,105,p ,60.55575942881073,c ,63.06993958622892, ^O,63.49803146555018
c ,I,L,2021,471,p ,50.41825066382212, W,58.870268724686156,[c ,61.63745677634601
 \,I,R,2021,169,F ċP,35.21363372331802,c ,48.938737212968626,V ,50.49752469181039
 yl,,R,2021,161, GV,79.98749902328488,_ Sm,80.83316151184488,c ׎,91.50409826887537
J E,\,L,2021,120,q ,62.946730420904984, T,72.00470299414033, G,73.65001811187017
R WN,,L,2021,245, Đ,58.29236656715869, ,60.959002616512684,e ,64.56970442217154
Ό MK,L,R,2021,125,Y ,48.55924216871593,l,53.32778098788967,c _,59.701766303897585
 Y,,R,2021,338,s,53.99073994677235,l,57.67190498916008,JXe,62.69768735766894
 C,,R,2021,185, đ,60.149812967290266,EB[[,70.24243731534378,Si T,72.91090453423274
 T,,L,2021,493,[c ,59.943498402926934, E,60.66090691789628, ,60.91607070117909
p ,,L,2021,326, Òj,40.66939881532551,c ,49.79847164853925, W,52.49561635325844
쓇 cO,\,R,2021,123, ,67.17873694056924,n ,69.80506046833176,OVA,70.2780193232564
Oc ,,R,2021,138,c ,70.4769465853906, P,73.56448023199582,V ,73.78346698278686
Rc y,,R,2021,173,V ,65.81033353509159,c ,68.35202996254024,F ċP,69.0724257573165
A[h,,R,2021,545,c ,36.34957368706314,,56.7626637852735,R 䍂,62.73058915211884
B ,I,R,2021,382,n ,74.35473588701576,OVA,94.26558226627574, I,94.54575196511502
R{ S,f,R,2021,111,Y ,93.00537618869137,yX,108.62320194139004,GXRo[,108.86689120205463
 FT,L,L,2021,170, Đ,58.5064099052403, ,62.42595614005443,R WN,68.386890422961
 O,,L,2021,478,{ ׎j,45.69463863518345, su,76.47417342559322,c L,77.95511529078769
^ E,\,R,2021,124,ጎ ,91.13725912051558,JXe,100.0649788887201,Y ,100.93562304756433
A u,,R,2021,117,c _,67.54864922975253,tR,71.52621896899066,frbh\,73.60027173862879
 n,,L,2021,123, Đ,67.85278181474949,c C,89.31965069345043, ,89.78307190111062
q 听,\,L,2021,292, ll,57.7408001330082,OX M,69.06677629381606, Cl,69.06756039023534
ጎ ,I,R,2021,140,s,76.70723564306043, đ,91.70059977993601,IXi,94.03886143725107
c i,,R,2021,305,c _,62.86495884913677,mCW[,67.65352910233139,ΐ V,73.27346040688948
l,,R,2021,316,c _,55.25066803761382,Y ,55.66866263886712,tR,58.283788483591216
H Y,L,L,2021,117, ,42.720018726587654, C,53.53313759032585, ll,53.97221507405454
 Y,y,L,2021,507,HL Dl,52.28766584960549,HR Č,65.27933734608254, n,67.10788742184377
g ,,R,2021,133, ,63.45076831686122,frbh\,74.3706931526122, Dn,77.06490770772389
_ Sm,,R,2021,404,ؑ I,64.25729530566937,쑺 C,65.21704639997334, GV,70.18546858146635
I[XeB,f,R,2021,439,T^i,66.31236507848054,}Nu[,72.36021006050217,CGX,75.09993342207434
\g,f,R,2021,451,frbh\,50.67543783727971, Dn,57.23635208501674, ,72.5741000633146
ΐ ,,R,2021,123,F ċP,53.36665625650534,V ,61.98386886924694,c ,78.42831121476479
 Cl,L,L,2021,481,֍ C,56.28498911788115, ll,57.758116312774604,q 听,62.973201376682724
R.hQX,,R,2021,124, Dn,63.84355879804947, ,65.06150935845248,frbh\,65.40642170307133
T^i,,R,2021,418,CGX,52.009614495783374,I[XeB,57.536857863527885,}eBlX,58.0466803147814
IXi,,R,2021,495,l,46.35798203288197,c i,53.094255809833136,c _,54.61346814875482
XpWFo[O,,L,2021,212,Ζ hܘY,85.36707959145929,c I,85.39279184172825,IOfB,87.30979326513149
fBN\,y,R,2021,123,frbh\,78.75912645528771, Dn,92.78469701410896,Y ,94.36100889668359
 su,,L,2021,155,T-c,56.339389336280476,|R,61.47902941295575,{[A,66.90291473471092
X[N,,B,2021,125,Zf[j,72.75300681071539,CGX,76.12489737267302,א ,77.76782595448623
 Z,,L,2021,283,T-c,48.87726839724378,I ˖,64.59291388709082,IOfB,65.63535632568775
G`FoA,,R,2021,216,c ,71.23903424387504,mCW[,72.5741000633146,F ċP,85.96510920134982
nXEWjA,_,B,2021,206,{[A,81.30190649671138,SUX,81.35109095765097,Y ,85.11169132381285
z i,,L,2021,174, ,68.79680225126747, BH,74.5385806143369,{ ׎j,79.37253933193772
 W,L,L,2021,376, V,77.20103626247513,OX M,88.04180288512539,Ǌ ,91.26883367283708
F E,L,L,2021,158, V,48.98979485566356, W,62.73754856543249,HL Dl,87.65842800324451
ɓ ,f,R,2021,192,mCW[,77.25930364687478,c ,90.515192095029,GXRo[,98.43271813782245
 s,L,L,2021,270, E,46.87432135172395,c s,50.65948839639317, l,51.124185869281035
 ,,R,2021,234,c ,41.60528812542944,F ċP,59.16079783099616,V ,62.48199740725323
{ ׎j,f,L,2021,127,HL Dl,61.11464636239009, ll,61.83041322844284,HR Č,64.41553904533873
OX M,\,L,2021,345, Đ,56.991227395100026, ll,75.24626236564843,,84.16056083463323
 ĕ,,B,2021,128,c ,53.028294334251406,F ċP,57.47173218200405,V ,61.84658438426491
R ,y,L,2021,194,HL Dl,53.056573579529235, Y,66.34111913707599,HR Č,73.97459930022677
 n,,R,2021,123,Y ,93.05374790947434, Y,110.70490276178097,JXe,120.50726119201282
YJ mN,y,R,2021,124,l,47.614759974773094,Y ,51.94227565288221,c _,53.63257415952321
X hl,f,L,2021,113,,41.7492514902962, Đ,83.4146270146909,R WN,101.81410826220369
IRG ڈ,y,R,2021,110,c ,78.44743462982075,F ċP,87.21811738394725,GXRo[,87.29261137118078
n ,,L,2021,134, ,79.68061244744545,R ,81.12336284942828,c z,84.07613297557594
 ,,R,2021,118,GXRo[,96.05206921248495,mCW[,105.56514576317318,Y ,108.12955192730617
c ,,R,2021,106,b ,104.33645601815863,ؑ I,105.1094667477673,V ,109.96817721504708
`[h,\,R,2021,116,frbh\,53.693575034635195, Dn,75.11990415329349, ,75.16648189186454
哇 m,,L,2022,482, ^O,48.98979485566356, s,59.993268682197545,c ,73.46821858737013
 E,,L,2022,608, ^O,53.48831648126533,HR Č,62.1741622479273,哇 m,62.620360715011
g P,,L,2022,567,c s,56.94321685938919,HR Č,58.924224606062296, E,61.10607286637918
|R,,L,2022,484,IOfB,40.23679907746142,T-c,52.041573095488616,{[A,76.98701189161714
{ a^,,R,2022,589,TY,61.873217166428816,c ,61.984768639152335,}Lm,64.33506042586733
rVGh,,R,2022,532,c ,53.76802023508026, \,61.35403762966657,R{ S,64.98461356351979
؉ ,,R,2022,466,c ,58.60034129593445,mCW[,59.682493245507096,ΐ V,75.8814865431615
 ,,R,2022,548,OVA,64.03905058634146, GV,77.9743547584717, ,78.39642849007855
c ,,R,2022,375,EH[J[,60.959002616512684,R 䍂,61.67232407862289,,63.75735251718032
 _,,L,2022,607, @,82.32628906427546, G,92.42217612775697,q ,93.86472725942556
ΐ V,,R,2022,141,ؑ I,67.38694235532579,c i,90.0,_ Sm,91.84770002564028
c z,,L,2022,143, ,58.1033561853358,,80.73413156775763, G,89.84475885339675
 GV,,R,2022,111,O C,89.67820813466787,er ,90.70858624787107,b ,97.36427042546235
L q,,R,2022,195,Y ,46.561786907291264,l,74.56454789172653, Dn,81.61494961096282
ae l,,L,2022,157,c C,29.068883707497267, ,41.617304093369626,c z,46.805302320338356
 n,L,L,2022,424,C ,73.90191472859885,Ζ hܘY,77.11529349005696, Y,86.21260297401366
er ,L,R,2022,522,s,64.64518543557594, P,88.64655384649967,K u,92.11149765680553
 Cl,L,L,2022,511,R ,40.36087214122113,֍ C,47.36032094485847, ll,63.773035054010094
K u,f,R,2022,529,n ,59.343217247100746, P,67.64928751605908,R{ S,70.34912934784623
 b,f,L,2022,574,q ,73.40311432611288,Ζ hܘY,82.59123748131253,gc ,84.67983419241561
{ ׎j,f,L,2022,327, O,57.732846402616545,O E,65.28399497579785,c L,69.28924880528002
q G,f,R,2022,568,ڋ{ T^,51.0098029794274,EB[[,57.584720195551874,}Lm,62.609903369994115
R ,L,L,2022,166,,78.587530817554, ,88.26097665446491, q,88.65100112237876
q ,L,L,2022,599, T,65.01721527523866, b,65.85354535285458,Ζ hܘY,66.12516106975366
V ,L,R,2022,325,F ċP,48.60041152089147,c ,52.583267300539625,mCW[,89.22443611477743
{ i,L,R,2022,300,B ,62.263230688915726,R{ S,77.08436936240706,n ,77.3558105266087
{ qY,f,R,2022,482,Si T,59.1100668245266,EB[[,78.76547467006087, C,82.23912786584707
ēc ,f,L,2022,198,R ,70.83784299369935, q,74.69270379361026, ,102.61091559868278
˒ F,f,L,2022,151, ,43.2087954009366,R ,45.387222871640866,,47.15930449020638
c ׎,f,R,2022,153,J u,67.87488489861327,EH[J[,70.03570517957252,ጎ ,72.47068372797375
 ח,,R,2022,567,c ,51.34199061197374,EB[[,63.90618123468183,T^i,66.50978340067381
 e,,L,2022,256,R ,74.67261881037788, W,89.79898252729573, O,91.29244923051606
Rc Nl,,R,2022,540,TY,51.73418818665375,}Nu[,57.436921923097515, ,59.665735560705194
 @,,L,2022,612, _,84.68783089400952,}[eB,92.05134431051786,gc ,105.09278316293073
T^i,,R,2022,215,CGX,41.95235392680606,א ,45.73239959159686,I[XeB,51.41236519523065
 G,,L,2022,548, ,54.76312628037227,c z,64.9434455736971,֍ C,75.0066663703967
ߖ{ i,_,L,2022,580, ^O,43.977266854592045,哇 m,56.98399833622825, E,63.02622049162439
 ,_,L,2022,610,c s,49.61738784641714, ,59.06775770248944, E,59.46818885798982
}e,_,R,2022,102, I,76.16651658161418,V ,95.7601169589929,O C,97.22787909524745
 P,_,L,2022,603,XpWFo[O,71.14070564732964,T-c,75.60523365106536,IOfB,82.12186067059123
IXi,,R,2022,529,W[Y,60.266076693277455,JXe,60.32412452742269,s,65.35288822997802
 l,_,L,2022,495, q,44.37341546466758, ,69.49100661236676, E,77.83284384677299
 Òj,_,L,2022,182, q,48.16637831516918,R ,63.94528911499267,R WN,81.80860143958148
R I,_,R,2022,510, ,45.066617356974994,}Nu[,52.44044240850758, ,59.56053404253909
~ Y,_,R,2022,331,V ,94.21252570651102,n ,102.26138088220682, P,104.35368746343795
R s^,,R,2022,197,O C,74.18820950497295,b ,75.55746710122548,ؑ I,83.16249154516716
_c M,,R,2022,148,Y ,68.7749954561976,l,77.89190309025948,tR,82.93370846646133
nXEWjA,_,B,2022,211,{[A,51.64300533470143,IOfB,51.97114584074513,|R,54.69571679604848
 ll,,L,2022,608,HR Č,46.37271927829302, C,48.80114877890065,c{ T,51.24451190127583
}[eB,,L,2022,266,IOfB,68.01470429252781,{[A,93.8829057922687,|R,100.05390494809353
 ,,R,2022,596, ,66.79820356865893,}e,67.57958271549181,}Nu[,76.36098480245
 yP,y,L,2022,451,c L,68.3447144993671, T,75.80501168295933,c ,81.22967035532086
R ,y,L,2022,218, q,74.51845409024533, ,84.2036158906002,Έ ꐬ,85.93833069606677
 hl,y,R,2022,633,}eBlX,66.66125988120433, ,69.36137253543934,TY,72.18458461604399
A[h,,R,2022,396,Y ,63.245553203367585,tR,74.01351227985333,l,76.86889119591044
 su,,L,2022,402, ,53.31041174104736, G,80.74269885640118,{ ׎j,84.50443775329198
 C,,R,2022,248, ,54.92722457943783, đ,60.778285596090974,Si T,68.24954212300622
 G,y,L,2022,613,Ζ hܘY,58.82261463106305,J K,61.6765757804371,gc ,62.48587823956237
Ζ hܘY,y,L,2022,268,{[A,57.262553208881634,T-c,65.08069360299024,IOfB,67.65352910233139
 n,y,L,2022,477,O E,46.551047249229526, W,64.83930096187348,{ ׎j,65.0
 Ր,,R,2022,212,~ Y,86.7852862894893,V ,90.93404203047393,F ċP,101.35580891098448
[c ,y,L,2022,479,p ,61.70899448216605,c ,64.93381561704628, n,66.81144267615812
G`FoA,,R,2022,257,GXRo[,58.0,mCW[,81.8535277187245,c ,82.15838362577492
c ,I,L,2022,502, l,51.066684899491165,[c ,56.18514332539487, E,58.70268358810548
@ C,I,L,2022,537,p ,48.13522618623496,O E,52.230259428802384,[c ,54.0357393909628
gc ,I,L,2022,508,ߓ ,90.11500471049372, @,94.3680397103174, _,97.40743300153852
 ,,L,2022,227,c s,67.90371910883069,c C,73.04108432930059,֍ C,73.19152956456095
IOfB,,L,2022,465,T-c,58.71276899544907,|R,60.43778481408154,{[A,78.587530817554
X F,,L,2022,412,O E,65.0, T,70.24306143723837,c ,73.10114434274571
{ TY,I,R,2022,433,Zf[j,38.742741255621034,א ,46.750673938988896, ,57.90187740545261
g OY,I,R,2022,495,mCW[,45.53020975132884,c ,47.61302342846965,GXRo[,63.12685640834652
R 䍂,,R,2022,528,{ a^,55.8325159664959,c ,73.70643526131403,CGX,84.2436941260294
 ,,R,2022,294,Y ,78.14089838234521,frbh\,79.0, Dn,81.55366331440912
O C,,R,2022,547, ,80.41765975207187,Rc Nl,81.4053124314492,b ,81.49151735736862
ጎ ,I,R,2022,193,c ׎,57.30619512757761,J u,80.0312438988674,W[Y,80.36168241145776
B ,I,R,2022,243,n ,77.39931862773997,OVA,91.91844211038392, I,100.53602696601642
IR I,,L,2022,267,Ǌ ,57.982756057296896,{ ׎j,59.782940710540494, ,64.82283548256741
l,,R,2022,393,s,55.65968020030299,yX,55.80322571321482,c _,56.54066548902884
c s,,L,2022,456, ll,45.46427168667722,HR Č,46.698783857798034, E,52.74765435061219
 Dn,,R,2022,309,W[Y,50.98038838612354, ,51.87484939737175,tR,52.16320542297991
Ǌ ,,L,2022,240, ,54.249423960075376, W,57.23635208501674,,67.54257916307313
Έ ꐬ,,L,2022,328,{ ׎j,58.44655678480983, ,59.80802621722272,HL Dl,82.35289915965315
OX M,\,L,2022,437,HL Dl,57.62811813689564, W,67.10439627923047, Cl,75.75469276179616
{ ,\,R,2022,510,R{ S,44.36214602563767, Mi,55.576353863973324,OVA,61.41661013113635
c I,\,L,2022,491, P,84.99514406691556,}[eB,85.0704638582292,XpWFo[O,86.38286867197685
OVA,\,R,2022,386,c ,57.06137047074842, GV,60.489668539346454,n ,63.95452091800907
 W,\,L,2022,435,p ,60.89334939055332,O E,61.63602842493991,c L,63.071388124885914
{ ,,R,2022,445,c ,86.06973916540005,R{ S,89.21883209278185,OVA,90.46546302318913
kjGX,,R,2022,180,Y ,70.60453243241541,l,96.80658255582209,ؑ I,102.67911179982032
ߓ ,,L,2022,396,gc ,79.76330749383418,J K,97.21625378505387, T,98.39156568665989
 ,,R,2022,106,Y ,84.4748483277715,F ċP,92.4716172671377,V ,92.57969539807311
F ^,,L,2022,237,HL Dl,49.26459174701441,g P,69.49675650617925, Cl,74.66225330488268
c _,\,R,2022,106,GXRo[,72.09022125087424,F ċP,91.29074432821763,Y ,95.98437372822724
 m,\,L,2022,100,Ǌ ,97.56023780208821, V,98.63062404750362, Cl,102.68255870698653
b ,\,R,2022,405,V ,39.45883931389772,c ,72.29107828771127,F ċP,74.50503338701353
g ,,R,2022,314, ,62.984124983998946,frbh\,67.95586803212802,Y ,76.4525996941896
AJ^,,B,2022,285,frbh\,65.5133574166368, BH,83.60621986431393,R qP,91.02196758346962
KrX,\,B,2022,130,mCW[,82.89752710425083,c ,93.64827814754524,V ,99.13122616007531
q 听,\,L,2022,441,c{ T,61.927376821564145,HL Dl,75.34586916347837,HR Č,76.25822901249575
 O,,L,2022,393,{[A,70.97182539571601,C ,72.74160243561079,Ζ hܘY,75.75028365737235
EH[J[,,R,2022,428,,55.308227236099334,Zf[j,57.05260730238365, ,64.90762667052309
a,f,R,2022,277,GXRo[,48.16637831516918,mCW[,78.80355321938218,c ,79.37253933193772
ɓ ,f,R,2022,103, GV,83.02409288875127,_ Sm,94.35570994910695,쑺 C,104.68805281868732
_ aB,f,L,2022,107,Έ ꐬ,96.55475002791857, q,100.2845950283492,R WN,100.90723838034765
֍ C,f,L,2022,225,c z,39.56631462399864,c C,48.176757881783615, G,62.64166084626902
{ uY,_,R,2022,151,V ,42.118879377305376,c ,65.35288822997802,F ċP,65.4828221749796
 Ј,I,R,2022,235,JXe,47.93745925682754,l,50.14367696606341,s,56.79788728465171
c ,I,R,2022,101,c ,55.20869496736904,V ,60.72067193304106,mCW[,65.00769185258002
{ KY,,L,2022,461,T-c,45.99192749833472,|R,47.66288140012674,{[A,55.59676249567055
{ El,,R,2022,352, GV,80.69076774947676,OVA,88.19297024139736, ,97.31365910819927
 l,L,R,2022,137,Y ,37.78888725538237,JXe,66.12866246946176,l,73.5392247461249
 v`,L,R,2022,134,Y ,83.89874850079708,mCW[,89.23564310296643, Y,90.83319377920516
 đ,L,R,2022,274,ጎ ,65.13063795173512,c ׎,66.332495807108, ,70.65408693062278
ؘQ ,_,L,2022,101,c z,69.48700119642228,,71.98610977126073, ,73.11634564172364
n ,y,L,2022,168,֍ C,51.84592558726288,ؘQ ,61.85872150515771,e ,62.54674666712049
R qP,,R,2022,349,c ,70.76844142830925,EH[J[,75.35914012248281,frbh\,76.72678802087313
⎟,y,L,2022,271,p ,59.565090447341724,c ,62.77677586937711, q,65.85590330410783
YJ mN,y,R,2022,288,mCW[,56.356011214421486,JXe,61.1310068623117,GXRo[,67.89698078707183
 ,,L,2022,126,R ,69.94283380018284,c C,78.98734075787081, q,79.44180259787665
ڋ{ T^,I,R,2022,271,c ,41.799059636949366,{ a^,70.98584837960757,}Lm,73.03423854604085
}Nu[,L,R,2022,508, ,45.727453460694704,TY,63.105422291477694, ,65.62773803811922
 O,,L,2022,301,c L,35.08560958569767,R ,59.55669567731239,c ,60.87029317233466
o,I,B,2022,126, q,48.84669896727925,V ,75.93418202627852,c ,78.96201618499872
}zX,y,L,2022,223,IOfB,72.73238618387272,{[A,83.55836283700154,T-c,86.30804422138749
C ,y,L,2022,476, T,59.86272251378027,J K,61.765686266729034,Ζ hܘY,63.21777319570502
WZEEBeB,,R,2022,128,Y ,52.706735812417755,l,88.60314410649504,mCW[,94.06380813043877
 B,\,L,2022,364, ,63.54525946126902,HR Č,79.73893000588865,p ,81.04936767180853
 ᩑ,I,R,2022,118,Y ,50.46781152378217,JXe,57.1314274283428,l,65.25605521847152
 s,L,L,2022,338,哇 m,65.36679502347417, E,75.97831657266066, ^O,79.6994353806851
c ,,L,2022,440, T,43.96968157712473,O E,55.46169849544819,q ,65.96068972359465
R{ ׊,_,R,2022,203,GXRo[,72.10409142344143,mCW[,72.49137879775773,JXe,77.52418977325722
c ,,L,2022,131,HR Č,56.92912027470856, Y,59.039230573775626, ,59.262129560116215
ѐA ,,R,2022,118,Y ,80.68457101577724,c ,100.83650132764424,GXRo[,100.9752444909147
鑺 ÍF,L,R,2022,126,s,40.87786687193939,c _,57.49294322752273,l,57.83023971639071
A.}eBlX,,R,2022,286,}Lm,54.7905101272109, ח,56.320417871350145,c ,58.66856057549052
쑺 C,,R,2022,368,_ Sm,56.36488268416781, GV,74.8799038460921,c i,76.25614729318549
쑺 E,\,R,2022,203,Zf[j,52.478567053607705,,61.13918547053109,EH[J[,67.01492371106603
{{ ,,L,2022,134, l,60.69579344647009,@ C,61.11842224998756,[c ,62.946104221607115
쐣 W,\,L,2022,106, ll,52.602281319349636,HR Č,56.639253090368136,c{ T,60.72067193304106
 ^O,I,L,2022,130, E,51.33833359272001,c ,63.058729848555124,c s,64.27778217451583
R WN,,L,2022,378,c C,52.97169055259611, ,57.14017850864661,c s,59.65906264980198
c C,_,L,2022,339,c z,46.958542648051775, ,48.63126566315131, Đ,52.57375771237966
Ð T,,L,2022,108, Đ,60.868711174132805,c C,62.71363488110062, ,63.984373092185564
 \,I,R,2022,468,R{ S,62.489999199871974,EB[[,72.29799443968,_ Sm,73.38937252763509
\g,f,R,2022,412,}eBlX,53.948283003423334,CGX,56.37375275782161,T^i,61.03418817693501
 ,f,R,2022,261,Y ,55.57877292636101,l,74.59173799849441, Y,87.78369706683378
ږ Bv,f,R,2022,181,ؑ I,69.44062211702888,_ Sm,71.68681887209112,mCW[,74.91328320131217
q Ўi,,B,2022,128,HR Č,37.84132372559428, C,44.59611646743738, ll,45.44227107000705
 q,I,L,2022,167, ,62.25752966509352,c C,70.4769465853906, Đ,72.18725649309579
 ,,L,2022,150,c C,53.075418038862395,R WN,55.51001208556064, Đ,57.245087125446844
J ,,R,2022,167, P,52.29271771575877,n ,63.62264368180864,B ,78.64201677910353
c ,y,R,2022,182, ,79.88116173416608,OVA,87.7382470761754,mCW[,88.9606654651369
 ,,L,2022,290,c s,54.36058296997369,֍ C,55.839054433254866,e ,57.74065452685384
 I,,R,2022,307,R{ S,74.43117626371358,O C,74.49223866405092, ,80.78418286872235
R s,,L,2022,142,,26.664583251946766, Đ,85.39320816083678,ؘQ ,95.63008586863731
 ,I,R,2022,110,OVA,74.83314773547883, ,77.76245880886226,Si T,81.97560612767678
Oc ,,R,2022,154,~ Y,67.05797305587114,n ,103.16391868020176,B ,104.0462773989147
c ,,R,2022,156,\g,73.94500717978426,R qP,78.08297584645935,}Lm,78.61933604400383
J m,,B,2022,109,V ,55.4346462061408,F ċP,62.153036933041335,c ,77.9487010796203
z i,,L,2022,159, T,56.066018775825746,c ,71.02408876910071, B,82.42829232818934
fXpCl,\,R,2022,331,}Nu[,60.844062980705026,EB[[,72.29107828771127, ,74.43789357578571
yc ,,L,2022,229, Đ,56.66568626602876,,66.12110101926616, ll,78.24960063795854
}bJ[V[,I,L,2022,212,c L,63.12685640834652,c ,79.67203903565519, T,83.0324060608487
p ,,L,2022,138, Đ,84.05950273467003, ,89.5488693395958, ,89.95144213772879
씨 ,,L,2022,301,哇 m,57.689319738772426, ,63.69212701035099, ^O,64.37390775772433
 C,\,L,2022,318,HL Dl,39.30648801406709,HR Č,45.92129327125162,c{ T,57.28001396647874
 Mi,,R,2022,373,R{ S,66.4304147209695, C,80.44825008622752, \,83.48862416574718
dM TV,,L,2022,128,,45.803929962395145, Đ,65.26101439603893,R WN,75.89706797314945
X hl,f,L,2022,168,R WN,64.92420855241525, Đ,73.86474125047755, ,84.81155581640984
ؑ I,,R,2022,101,Y ,51.38093031466052,l,94.7203001153382,JXe,108.28203913853858
J ,,R,2022,156, P,67.1746114066583,n ,70.50834493008622,~ Y,82.13510642698456
 Y,y,L,2022,199, su,79.27007608142792, ,80.55432949258531, q,87.87491109526086
 ,,R,2022,232, hl,58.74244990858133,}eBlX,67.12135192141614, ,69.10137480542626
HR Č,L,L,2022,174, T,56.35312168124655,c ,67.24019119868271,HL Dl,70.79548008171143
C ,y,L,2023,495, T,61.264048320319, Y,63.69780326315228,Ζ hܘY,66.41983564892045
[c ,y,L,2023,549,p ,51.57518783291051, W,60.63644025731582,c ,63.154920488421084
tR,y,R,2023,334,c _,45.69274661214055, Dn,52.16320542297991,l,61.051924013013306
 hl,y,R,2023,601,T^i,60.686449142777555,I[XeB,68.03006324121452,}eBlX,68.4898472472338
{ ,,R,2023,561,n ,69.21549693544348,R{ S,78.35815209663893,OVA,83.68990381163071
씨 ,,L,2023,346, q,61.163714733492114,R ,61.95159400693416, ,69.39020103732227
Έ ꐬ,,L,2023,100,R ,59.941638282582836,c L,92.81702430050211, q,103.52777405121778
 G,y,L,2023,369, O,56.54234475194828, W,64.00940059010735,c L,64.33506042586733
 ,y,R,2023,253,EB[[,61.741396161732524,OVA,64.4670458451448, ,65.88626564011653
R ,y,L,2023,307, q,70.2922470831599,c L,70.92249290598858,p ,71.2460525222275
ɓ TG,y,R,2023,216,_ Sm,55.0,}Lm,58.532042506647585,ؑ I,67.29041536504289
쑺 C,,R,2023,473,R qP,56.53622447633263,\g,58.89324844649728,}Lm,59.447455790807396
{ KY,,L,2023,416,q ,66.03429162178918,T-c,76.11429266804006,O E,77.71100308193171
}eBlX,,R,2023,444,T^i,57.244406873844106, ,58.02585630561603,EB[[,58.172158288995945
c In,y,L,2023,127,c ,73.15750146126142,{[A,78.82892870006543, q,85.246700815926
g ,,R,2023,582,CGX,46.50806381693394,Zf[j,47.7179211617606,,52.23983154643591
܏\ ,,L,2023,205, Đ,46.71188285650665,c C,68.51277253184256, ,69.77822009767804
 E,,L,2023,633, ^O,49.35585071701227,HR Č,56.6367464248887, s,58.94550563462368
哇 m,,L,2023,494,֍ C,58.38664230798,c C,58.89821729050889,c s,68.36085902513025
 ,,L,2023,172, Đ,49.68903299521938,R WN,56.80268168446726, ,65.49809157525127
rVGh,,R,2023,347,mCW[,45.232731511594565,؉ ,69.89410611235853,g OY,70.7099606972561
IRG ڈ,,R,2023,127,ጎ ,50.049975024968795,c ׎,56.32938842203065,Y ,73.21885003194191
g P,,L,2023,478,֍ C,51.836280730777744,R ,64.52131430775415,HL Dl,70.54785609782908
 _,,L,2023,431,{[A,75.84194090343416, O,85.29888930454382,T-c,87.85519789726222
{ a^,,R,2023,589,R 䍂,62.672872887922885,I[XeB,81.93813694862614,c ,83.4083169692592
؉ ,,R,2023,315,mCW[,68.86218120274728, ,82.90355842785037, ,83.24752293730458
i T,,R,2023,325, P,46.92209552023273,n ,64.57936449717515,~ Y,80.00506814933738
,,L,2023,304, Đ,88.67355862939075,ؘQ ,95.29132474657501,c z,97.14332245762935
c ,,R,2023,288, Dn,46.70117771534247,frbh\,49.82971001320397,EH[J[,54.83611948342078
{ El,,R,2023,455,ڋ{ T^,43.09292285283048,CGX,56.61271941887264,}eBlX,61.44075773260622
u\,,R,2023,294, ,25.80697580112788, Dn,40.58324777540605,frbh\,69.34695379034324
 O,,L,2023,490,Ζ hܘY,72.77711102578195,T-c,75.69017669262337,q ,83.32107185254827
J K,,L,2023,291,c s,48.80631826489463, ll,54.0740233383831,HR Č,56.481940635016194
 Cl,L,L,2023,306,HL Dl,63.30876716537765,q 听,83.39361985577528,R ,84.29709366283039
 s,L,L,2023,418, ^O,48.83646178829912,c ,60.34617947191617, l,65.0857060902308
HR Č,L,L,2023,483, ,49.78955713801841, C,49.79057713770649,c{ T,52.44997616777342
}Nu[,L,R,2023,259,W[Y,73.61385739111897, Dn,83.7973746605465,O C,86.09417598198674
_c M,,R,2023,276,s,63.42712353559792,Y ,63.93746945258312,JXe,67.7126280689208
 e,,L,2023,264, W,70.6709238933776,p ,74.444610281739, yP,76.54990569213415
Rc Nl,,R,2023,422,TY,65.80235041215211, ,76.70071707617863,O C,78.22609700033303
 @,,L,2023,597, _,82.60806835883932,}[eB,86.70010934373136,{ KY,103.61338235229981
IXi,,R,2023,543,}Lm,67.7716754994297,c _,68.53569909208049,s,76.77239087067694
 n,L,L,2023,443, Y,62.45779141479126,HL Dl,67.20863039818622,HR Č,75.74313812406342
frbh\,L,R,2023,381, Dn,61.78996682310163, ,67.53517601961218,c ,76.33673404521392
 I,,R,2023,376,V ,78.39005038906404,O C,81.60781454809533, ,94.44285239892947
R s^,,R,2023,269,ΐ V,47.02127178203499,mCW[,66.32495759516172,؉ ,77.16682731894747
 G,,L,2023,488,c z,62.36547153891838, ,75.71657678474378,֍ C,76.249590162833
q ,L,L,2023,448, G,72.4718323598399,O E,73.348483283569, T,74.2502861689911
er ,L,R,2023,485,s,75.59761901012492, P,89.51598978599922,R{ S,90.93954035511726
c L,L,L,2023,253,{ ׎j,57.30619512757761, O,69.24010466637205,R ,77.91662210337407
T^i,,R,2023,516,EB[[,61.54673021371647, ח,63.55979189420522,CGX,75.39230729988306
 b,f,L,2023,613,{ ׎j,51.81698563212646, n,70.55194070247093,O E,76.3347889235308
 ^,f,L,2023,154,,33.61547262794322, Đ,77.4919350642375,ؘQ ,91.18126612990945
ߖ{ i,_,L,2023,585,q ,78.82491584976788, yP,84.1107263025059,O E,84.25556361451747
 ,_,L,2023,660, s,57.793340057057485, ^O,58.54912467321779,c ,58.71810363146159
mCW[,_,R,2023,516,c ,58.66856057549052,g OY,63.31900860408906,ΐ V,65.92419889539804
q G,f,R,2023,605,ڋ{ T^,69.40461079784254,c ,76.08254251362443,J u,76.48529270389177
{ ׎j,f,L,2023,176, ,82.96987405076617, BH,86.23804264940155,,91.00549433962765
֍ C,f,L,2023,532, Cl,58.50181489725587,R ,62.177166226839255, G,65.50737924141826
R I,_,R,2023,625,}Nu[,57.645468165329355, ,64.35837163881635, ,64.41394422158744
 P,_,L,2023,548,c I,71.76408890506673,}[eB,74.35574228580043,XpWFo[O,84.55175929571188
X đ,_,R,2023,377,}Lm,58.7962583843564,O C,59.61527349771599, ,67.1863081289633
~ Y,_,R,2023,251,V ,87.14929718592113,c ,110.13627921806692,F ċP,117.14520903562382
˒ F,f,L,2023,181, ,62.51399843235114,,71.0,{ ׎j,84.02975663418287
c z,f,L,2023,287, q,47.12748667179272, l,64.87106603904537, ,66.4304147209695
{ qY,f,R,2023,461,ڋ{ T^,69.31089380465383, C,75.74628523377373, ,77.86760352813243
K u,f,R,2023,479,s,55.82114294781145,JXe,61.106464469808756,mCW[,69.54854419756032
\g,f,R,2023,399,R qP,63.86744111369706,}eBlX,64.76033321081366,}Lm,70.0
c ׎,f,R,2023,186,Y ,46.486557196677836,l,55.699354236385844, Dn,72.02777242147643
 q,I,L,2023,257, ,57.82732917920384, ,66.03786792439622,Ǌ ,68.78226515607058
SUX,I,B,2023,321, ,42.261093218230876, Dn,47.75981574503821,frbh\,50.76416058598822
 ^O,I,L,2023,138, q,70.25667228100119, l,88.87256606206219,R ,95.54580053565934
yCg,,L,2023,225, ,40.92676385936225,,59.58187643906493, BH,77.56287771866127
}Lm,,R,2023,514, ,44.48595283907045,EB[[,56.621550667568265,}eBlX,60.912734768724675
O C,,R,2023,571,}Nu[,42.34383071948026, ,51.884487084291386,}Lm,57.956880523368405
{ TY,I,R,2023,370,EH[J[,40.36087214122113, ,41.49698784249286,Zf[j,49.09175083453431
X F,I,L,2023,453,J K,85.30533394811839,c I,86.12050229246195,gc ,86.34305505202553
 \,I,R,2023,563,}Lm,48.41487374764082,EB[[,63.57672530100933,R{ S,64.35837163881635
@ C,I,L,2023,478, q,51.84592558726288, l,52.2323073041328,c ,56.15788769126408
IR I,,L,2023,191,{[A,76.1511654539837, _,82.95750811978088,}[eB,96.7859543835049
ѐA ,,R,2023,137,GXRo[,70.76015828133795,F ċP,72.47068372797375,c ,83.69587803470371
 Đ,I,L,2023,344, ,51.332251070842396,c C,52.57375771237966,R WN,64.11751209341288
l,,R,2023,267,Y ,61.37589103222861,yX,78.54934754662193,c _,86.75917929012066
 ,,R,2023,132,GXRo[,77.47902942086975,F ċP,80.0874522007037,c ,83.58827668997608
 ,,R,2023,322,,47.29693436154187,c ,55.59031559384307,R 䍂,59.0985577802941
 Mi,,R,2023,203,V ,69.96427659884722, P,72.5245753444175,F ċP,77.12976079309465
 ,,R,2023,584,mCW[,56.0357029044876,c ,71.2320152740325,ΐ V,73.66138744281159
R qP,,R,2023,474,\g,58.435042530927,}Lm,64.02343321003646,}eBlX,73.58337946592253
q 听,\,L,2023,387,c z,53.36177362619243,c C,60.27437266367855, Đ,65.35288822997802
ߓ ,\,L,2023,613, @,57.682914474467985,gc ,82.14483009613531, _,89.7511295177875
c I,\,L,2023,625,Ζ hܘY,88.70297263976343,{ KY,91.69594382109703,}[eB,99.21751538578583
 ,,R,2023,106,V ,65.4446330878247,c ,85.56868586112562,F ċP,91.20855223058855
|R,,L,2023,497,T-c,49.60434334775001,IOfB,71.7007670809734,}[eB,71.80166643010969
c ,,L,2023,472,c L,60.473134530963414, T,63.426749151209,{ ׎j,65.05382386916237
I ˖,\,L,2023,387,T-c,50.930446022069546,IOfB,61.30252849597641,|R,68.31300883381651
 W,\,L,2023,585,p ,47.12748667179272,c ,47.132350418280424, Òj,60.25777958073132
{ ,\,R,2023,484,ΐ V,59.61543424315552,s,63.31666447310692,mCW[,63.45076831686122
c O,,R,2023,214,V ,40.149719799769464,F ċP,42.661458015403085,c ,51.60426338976267
 T,,L,2023,380, Òj,81.3142054010245, yP,84.69641430926526,p ,85.33463540673272
 ,,L,2023,361,c C,48.63126566315131, Đ,51.332251070842396,c z,62.112614690007234
b ,\,R,2023,420,Y ,80.59776671843954,s,88.74119674649424,ؑ I,96.87104830649868
 su,,L,2023,278, O,63.69377019543534,{ ׎j,68.67313885355759,R ,79.65550828411052
 C,\,L,2023,268,R WN,39.9794200783146, ,53.749418601506754, ,56.991227395100026
JXe,,R,2023,172,s,60.241181927316134,ጎ ,86.22064717919949,l,86.25199131034205
R s,,L,2023,147, Đ,42.22558466143482,c C,71.01408311032397,R WN,74.88043385319898
א ,,R,2023,576,CGX,43.86342439892262,Zf[j,46.561786907291264,{ TY,52.22240757311903
ێR a,,L,2023,106,,50.91168824543142, Đ,67.28298447601742,R WN,77.55929689609633
{ i,L,R,2023,276, P,76.42782670362334,n ,76.63633179550726,_ Sm,89.31965069345043
ɓ ,f,R,2023,176,ؑ I,78.99367063252599,c ,81.36338242723197,V ,83.86298349093002
ؘQ ,_,L,2023,470, ,43.520110293977886, ll,52.478567053607705, C,54.338192507134124
{ uY,_,R,2023,289,V ,80.09369513263825, P,93.35487614634303, I,93.37343147268795
a,f,R,2023,230,c ,51.97114584074513,F ċP,56.462376853972415,GXRo[,58.7962583843564
c C,_,L,2023,121,,84.64041587799531,R WN,91.53901395628816, ,91.78235124467012
YJ mN,y,R,2023,145,GXRo[,52.65928218272634,F ċP,71.79136438319027,c ,75.41220060441148
]z ,,R,2023,177, ,101.58740079360236,Y ,106.68645649753299,frbh\,109.28403360052191
 T,y,L,2023,441,HL Dl,60.844062980705026, Y,64.63747193212234,c ,64.79128291461903
 Ј,,R,2023,251,c ,64.69930447848725,F ċP,72.06247289678588,GXRo[,73.83765976789893
c ,I,L,2023,114, q,69.54854419756032, ,86.00581375697809,R ,88.66791979064357
ጎ ,I,R,2023,318,c ׎,43.70354676682432,JXe,50.40833264451424,l,78.7379726196669
 đ,,L,2023,110,{ ׎j,80.16233529532433, su,90.01545063056437,R ,94.75758544834287
J ,,R,2023,187,B ,53.996421393870285,n ,63.1675384231569, P,75.86032955887252
F ċP,,R,2023,209,c ,65.39877674696982, P,71.72307734351386,GXRo[,86.14522621712709
 C,,R,2023,372,c ,61.73329733620261,EB[[,61.95966429863868,OVA,65.612498809297
쐣 W,\,L,2023,208, l,76.72180026729063, q,78.44106067615353, ,84.98364795561761
 v`,,R,2023,176, đ,55.235857918565905, ,56.356011214421486,}eBlX,62.55209468322279
e ,,L,2023,348, Đ,49.77951385861457, ll,54.055527006958314,R ,60.4648658313239
R ,L,L,2023,156, ,54.63515351859094,c C,61.61168720299745,c z,64.18890317624792
R{ S,f,R,2023,200,OVA,68.3593446428504, Mi,76.9218975017032, ,83.54967138862129
c ,y,R,2023,233, ,81.94510357550352, đ,88.60022573334675,}Nu[,89.69949832635632
AJ^,,B,2023,125,SUX,71.17583859709698,frbh\,74.34379597518544, Dn,81.95730595865142
 ,,L,2023,267,c C,65.72670690061993,c s,70.00222922933104,ؘQ ,73.75402739454701
É Il,,R,2023,282,V ,55.991070716677676, I,74.14819336812228,c ,75.7231800705702
p ,,L,2023,244,J K,48.569537778323564,Ζ hܘY,73.3372840637189,gc ,82.13995196429799
[ T,,L,2023,105,Ζ hܘY,83.65803258013302, b,86.79038574926074, n,91.30936916482476
{{ ,,L,2023,123,p ,46.389654018972806, W,64.90458409020218, yP,67.33079737334592
 G,,R,2023,174, P,72.43530804150926,c ,83.17451532771321,~ Y,84.1327585340239
 ,,R,2023,257, Mi,66.65254312023586, C,84.88020507947701,}Nu[,85.5043858524228
ڋ{ T^,I,R,2023,451,q G,68.95794305577877,EB[[,71.8192174839019,}Nu[,71.98610977126073
V ,L,R,2023,133,c ,60.05830500438719,F ċP,62.57795138864806,mCW[,84.74078120952154
X ,I,L,2023,162, ll,37.3496987939662,c s,63.347123681942456, Đ,68.46166810705097
 đ,L,R,2023,284,Zf[j,38.01315561749642,{ TY,54.564035161310066,J u,55.62373594069352
 ,,L,2023,170,c L,87.36704184073076,R ,90.65870063044142, O,92.58542141242413
ޗǊ ,,R,2023,196,c ׎,76.53103945458993,Y ,87.28688332160795,ጎ ,87.49285685128815
ΐ V,,R,2023,464,mCW[,65.92419889539804,ؑ I,66.76825593049439,c i,73.27346040688948
EH[J[,,R,2023,120,Zf[j,71.84010022264724, ,81.82297965730655,,84.63450832845902
 Y,y,L,2023,410,HR Č,60.91802947568537, T,61.73889585155194, ^O,66.15889962809237
 n,y,L,2023,292,O E,59.61543424315552,{ ׎j,63.89053137985315, O,72.63992420601201
g OY,I,R,2023,482,R{ S,50.23942674832188,_ Sm,57.5065213693195,OVA,60.34898507845845
 ,,L,2023,178, Đ,58.93216439263028, ,68.86218120274728,c C,80.0812087820857
HL Dl,,L,2023,439, Y,60.176905075286015,HR Č,61.508440900906805,c{ T,67.30527468185537
 ,L,L,2023,146,R WN,79.63462779100918,R ,96.4779767615387, ,97.98469268207153
 B,\,L,2023,375, yP,100.95770488730169,p ,103.7159582706538, ,105.90561835898981
א ,,L,2023,112, ,56.55086206239477,c z,68.51395849770327,c C,72.43617880589781
OX M,\,L,2023,316, Cl,66.28085733978662,֍ C,72.58098924649622, W,72.78736154031138
 Jl,,L,2023,304,,74.60562981437795,R WN,83.43303871225619,ؘQ ,88.0352149700404
R WN,,L,2023,153, Đ,73.287106642301,e ,84.2509724564917, ,86.1103942622492
 P,y,R,2023,340,n ,53.602151256125616,R{ S,72.5120679611332,B ,74.14095845217199
 ,,L,2023,109,c z,49.80054844396774, G,64.78608469135033,֍ C,82.28608630868283
ac NmN,,L,2023,113,XpWFo[O,66.385239323211, P,74.26688737905025,T-c,86.6009940620887
 ח,,R,2023,209,T^i,56.39038550525547,EB[[,58.1033561853358,fXpCl,61.960472333053076
~GZX,_,R,2023,143,\g,74.95837273183932,R qP,76.53801687650575, ,82.52272414311103
rc ,,R,2023,118,c ,54.85435260760991, \,65.51669616948394,rVGh,73.96436294797563
J M,,R,2023,198,s,37.05401462729781, Y,63.12642690962176,l,64.88074812402576
Zf[j,I,R,2023,187, ,52.25897052181568,frbh\,55.24490926773253,EH[J[,57.67148342118486
A u,I,R,2023,103,O C,93.9568965618553,b ,95.12234601879769,mCW[,101.74477873581523
 ,,L,2023,222,{ ׎j,72.05553413860729, ,73.24616030891995, O,75.24125691577194
c s,,L,2023,435, ll,46.292547996410825, Đ,53.823786563191554,R WN,58.74223955470916
n l,,R,2023,209, Dn,48.13522618623496, ,48.228622207149975,Y ,78.60025445251433
O E,_,L,2023,107, B,74.05804209522032, Òj,77.73673520286275,p ,79.22752047110903
 ,L,R,2023,146,EH[J[,39.02563260217571,Zf[j,56.444663166680336,,64.17164482853778
 Y,,R,2023,197,V ,64.27285585688566,F ċP,76.93503753167343,c ,78.65112840894274
g ,,L,2023,223,֍ C,42.7551166528639,c z,54.99995732226371,R ,61.13918547053109
F ^,,L,2023,226,c{ T,47.19110085598767, ,53.50700888668698,HR Č,57.96899205535088
Si T,,R,2023,187,n ,53.83743646464877, P,63.08059326510588,R{ S,65.0384501660364
ΐ T,,R,2023,118,c ,63.34824385884742, GV,82.13403679352427,OVA,102.05390732353172
ub\[,,R,2023,147,GXRo[,88.40248865275231,Y ,95.77577981932593,c ,99.36297097007517
ߖ{ i,_,L,2024,639, yP,64.7805261768498, T,66.24952527686739, ^O,68.64400920692205
 ,_,L,2024,634, q,45.44227107000705, l,62.84036692613172, ,71.21095421351971
X đ,_,R,2024,526,}e,50.06995106848019, ,54.221136602402375,}Nu[,58.43800133474792
R I,_,R,2024,545, ,42.871902220452036, ,48.68264577855234,}e,53.376024580330075
X r,,L,2024,156, Đ,55.71355310873648,R WN,74.66050739356142, ,75.80897044545586
e ,,L,2024,405, ,36.90528417449187, q,62.03224967708329,R WN,63.77600283368548
 P,_,L,2024,496,XpWFo[O,36.318039594669756,T-c,74.51780932431963,IOfB,83.773504164503
O E,_,L,2024,362, n,57.33855484861884,{ ׎j,65.28399497579785, Òj,70.37755323965163
{ uY,_,R,2024,218,V ,62.7933117457584,F ċP,80.20598481410225, P,87.71512758370471
ؘQ ,_,L,2024,409, q,68.15423684555495,R WN,69.22980331853819,e ,74.89964186210497
{ a^,,R,2024,611, ,67.51352915980425,I[XeB,72.06113638020638,}e,72.37402849088892
{ El,,R,2024,426,mCW[,48.938737212968626,c _,63.664024753776175,ؑ I,65.5972560401729
 O,,L,2024,321,c ,54.43251852991381,p ,59.472682804797024, T,62.75966715512711
 _,,L,2024,595,q ,73.40537101574327,gc ,76.06102320591252,C ,77.41900977309837
g P,,L,2024,602,O E,47.095647357266465, n,58.026908674527796, ^O,59.464274989274024
mCW[,_,R,2024,149,V ,70.02856560004639,c ,77.54353615872827, I,87.544465938642
 F,,L,2024,185, q,53.898051912847464,R ,59.88321968631947, O,91.70967802044817
c ,,R,2024,343,F ċP,39.585350825778974,V ,52.583267300539625,mCW[,58.66856057549052
 ,,L,2024,190,HL Dl,66.56575696257048,Ǌ ,68.4178339323893, ,70.74602462329597
c ,,R,2024,225,yX,35.6931365951495,l,52.65765160154406,c _,68.98782273369086
א ,,R,2024,600,CGX,49.54795656734998,,61.765686266729034,I[XeB,69.03431780967023
؉ ,,R,2024,203,c ,54.20332093147061,mCW[,62.88083968904996,F ċP,74.45132638173749
 ח,,R,2024,113,Si T,47.34976240700686, ,65.88626564011653,}Lm,71.9444229944198
 yP,,L,2024,363,p ,42.579337712087536,c ,54.460875003791266, W,61.968148614746596
IXi,,R,2024,585,}Lm,56.92099788303083,X đ,67.48954386135995,W[Y,74.24284477308234
 @,,L,2024,610,}[eB,73.12596953264665, _,82.54343948886132,{[A,98.68637190615532
fBJ[\,,L,2024,102,IOfB,56.36488268416781,|R,69.88810060491618,T-c,80.74751264380768
Rc Nl,,R,2024,385,TY,67.438050962023,R 䍂,84.35504298396015, ,85.05292469985967
T^i,,R,2024,484,I[XeB,57.17788560810323, hl,69.39695567540721,CGX,70.94363960215179
 I,,R,2024,353,V ,75.55792479945436,O C,99.72253357372577,c ,100.15987220439132
 G,,L,2024,611,֍ C,45.2658811910251, Cl,51.985697106383334,g P,57.42927019437061
 ,,L,2024,147, BH,72.81483365359011, ,81.25884567233281,,85.26429498916883
 e,,L,2024,129, q,60.473134530963414,e ,76.17962608395294,ؘQ ,77.61689022866304
JXe,,R,2024,393,ጎ ,50.40833264451424,s,56.089214649520635, Y,62.057148744402646
F ^,,L,2024,164,HL Dl,68.79680225126747, V,70.5620294492725,c{ T,75.57115851963631
er ,L,R,2024,497,s,47.042533945356304,l,75.8093661603445,c _,82.47870377167727
{ i,L,R,2024,146,F ċP,59.58187643906493,V ,62.161081071680215,c ,80.34301463101818
 Cl,L,L,2024,588,֍ C,40.162171256046406, ll,66.03786792439622,c z,71.44823978251586
 đ,L,R,2024,273,Y ,76.15773105863909,JXe,90.36038955205981,l,93.2138155007006
q ,L,L,2024,462,T-c,53.324504614984406,I ˖,63.200592139743,O E,73.85797181076664
x P,f,L,2024,272,R ,43.76071297408213,֍ C,51.93264869039514, Cl,57.519370440648906
I[XeB,f,R,2024,445, ,66.80181220281533,ڋ{ T^,67.16397844082793,T^i,67.44201850688778
 b,f,L,2024,566,{ ׎j,59.732738092272314, n,66.11802321094963,O E,66.15134163416491
c r,L,L,2024,106,c z,82.30815851173918,,92.233399590387, ,94.67312184564318
q G,f,R,2024,561,c ,78.42571534577147,ڋ{ T^,84.48076704197234,W[Y,90.76893741803966
{ qY,f,R,2024,469, hl,74.25033962453861,Si T,78.12169993030106,}e,84.6817571853584
 V,f,L,2024,351,c{ T,70.83784299369935, W,77.20103626247513,HL Dl,82.0121942152507
R{ S,f,R,2024,403, Mi,60.73792524953052, \,63.42418541934416,K u,64.89536705357449
֍ C,f,L,2024,142,R ,68.60757975617562, q,68.84765791223403,ؘQ ,82.39833678222342
HR Č,L,L,2024,587, ll,40.162171256046406, C,44.75147583988572,c s,52.0569888099338
q Ўi,,B,2024,141, q,51.29327441292864,V ,61.34329629226001,c ,73.06161783043132
O C,,R,2024,500, ,68.13384753004149, I,70.81679293151139, ,73.07530362578044
[c ,y,L,2024,522,R ,44.9221548904324, q,50.20956084253277,p ,57.148928248918196
 T,y,L,2024,642, yP,64.88823646130842,c ,66.32804792221728, Òj,67.09694478886502
AM[,,R,2024,124,~ Y,91.19860843472227,b ,97.65589544448979, P,99.77608421508675
 ,,R,2024,205, Dn,67.89698078707183,frbh\,69.62758074211685,tR,80.3305670339753
 hl,y,R,2024,552, ,42.14261501141095, ,47.265209192385896,TY,58.90503363640009
 G,y,L,2024,154,c L,74.73285756613352, O,78.18345794077987,R ,79.05061669588669
tR,y,R,2024,243,Y ,54.092513345194085,l,58.26004676061633, Dn,66.7757440991862
C ,y,L,2024,597,Ζ hܘY,69.3618696828366, T,72.50267771001963,q ,72.73590603131164
É Il,,R,2024,279,~ Y,69.46174207495456, P,85.43064839683868,n ,93.09346729223788
c s,,L,2024,577, E,43.34928408883983, l,58.650196771123085, ,60.641976822387974
c ,y,R,2024,269,V ,63.655321851358195,c ,68.60757975617562,ؑ I,73.13685801290619
 P,y,R,2024,571,c ,64.96922348312314,V ,73.02054505411473,JXe,73.824115301167
 n,y,L,2024,460,O E,58.20652884342099,{ ׎j,64.89992295835181, O,89.88786321411914
 ,,L,2024,335,,55.326304774492215, BH,62.00806399170998,R ,67.54998149518622
{ ,,R,2024,486,c ,43.197222132910355,GXRo[,53.96295025292817,mCW[,56.124860801609124
g ,,R,2024,556,c ,58.0806397047353,}Lm,59.18614702783076, ,59.658078611028614
 T,,L,2024,369,c L,64.2339474110069, yP,66.74893984529012, T,68.02836857443543
\g,,R,2024,542,Zf[j,28.600699292150182,,36.02776706930364,א ,43.920785367104706
|R,,L,2024,468,}[eB,46.77018261119909,T-c,60.13563554215577,IOfB,69.3757882838098
R qP,,R,2024,181,c ,49.57822102496216,V ,52.602281319349636,F ċP,57.245087125446844
}eBlX,,R,2024,459,}Lm,55.02726596879042,TY,55.74594152043977, ,60.90155991434045
쑺 C,,R,2024,152,l,59.11302618277158,Y ,59.84981202978001,yX,69.70652767137379
CGX,,R,2024,368,א ,46.705690483136294,,60.61352984276695,T^i,66.11518713260607
c ,,L,2024,174, Đ,63.63961030678928,R WN,77.63775835339234, ,81.25884567233281
 C,,R,2024,420,ڋ{ T^,65.16133823057964,EB[[,71.83313998427188,}Nu[,72.80109889280519
 ,,R,2024,433, I,61.448851009263876,O C,64.95116727367241,R{ S,69.75672010638115
 BH,,L,2024,359,,49.1121166312347, ,62.00806399170998,R ,69.89992846920518
ޗǊ ,,R,2024,150,Y ,97.30878685915265,GXRo[,102.61091559868278,F ċP,112.82730166054668
c{ T,,L,2024,349, ll,51.24451190127583,HR Č,53.73407749084455, C,54.20877458850902
 su,,L,2024,452, E,58.269124837702215, Y,61.26199590751138, ,61.69089939793709
F ċP,,R,2024,393,c ,39.585350825778974,V ,48.60041152089147,GXRo[,85.94765849050223
 C,\,L,2024,477,HR Č,29.535409179851413, ll,34.0147027033899,c{ T,41.291645644125154
{ ,\,R,2024,538,OVA,42.33202097703345,R{ S,47.11687595755899,n ,63.78240863617157
c I,\,L,2024,225,Ζ hܘY,73.21239964994597,q ,87.84762957022483, b,91.65203896794861
R 䍂,\,R,2024,611,,36.55133376499413,c ,48.18092629011083,EH[J[,60.14149981501958
 n,I,L,2024,553,R ,43.70354676682432,Ǌ ,52.61178575186362,֍ C,57.51521537819362
 ^O,I,L,2024,312, s,60.36671452426331, E,67.31336011099252,c ,67.76756201963195
X F,I,L,2024,457,O E,74.47147104764348,q ,79.22113316635514,Ζ hܘY,87.36617479121162
ڋ{ T^,I,R,2024,290, ,71.21095421351971,}Lm,81.93900170248598,TY,82.42972578601933
@ C,I,L,2024,322, q,66.79820356865893, l,77.81779926103384, E,82.44595627009828
g OY,I,R,2024,523,mCW[,51.03920062069938,c ,57.85326265648291,n ,73.37325652906952
ߓ ,\,L,2024,535,gc ,56.438455686611434, @,81.29767040020789,J K,86.5678924313166
I ˖,\,L,2024,598,{ KY,71.61938104113203,T-c,72.23469351768854,}[eB,74.21216114685481
b ,\,R,2024,392, GV,62.976185975335156,_ Sm,70.02856560004639,}Lm,75.02666192761077
{ TY,I,R,2024,239,frbh\,43.965895873961216,\g,64.19772613902842, Dn,64.319514923544
A u,I,R,2024,119,V ,69.82120021884471,~ Y,75.09749326754215,c ,93.19871243745806
q 听,\,L,2024,259, Cl,60.1546235073514, ll,64.60650122085238, C,66.2498026463475
Zf[j,I,R,2024,334,,44.384682042344295,{ TY,51.13375065376579,J u,56.18718715152058
~ Y,_,R,2024,318,V ,99.15139938498095,n ,101.35230913888645, P,106.11916028218413
 l,_,L,2024,128, q,63.02380502635492, ,63.182275995725256,R ,77.9807668595276
 ,,R,2024,163,ؑ I,67.67569726275453,Y ,70.14271166700073,c _,82.76171308082945
哇 m,,L,2024,125, q,76.5963445602987,ؘQ ,84.47729584567934,֍ C,86.95401083331349
{ ,,R,2024,142,JXe,68.18357573492314,GXRo[,72.27724399837061,l,76.86925067766396
{{ ,,L,2024,164,R WN,61.89946306708599, ,63.30876716537765, l,69.77269634937181
R{ ׊,,R,2024,179,mCW[,62.864934582006846,n ,70.720170858321,_ Sm,86.91950298983537
ێR a,,L,2024,296, ,25.729360660537214,R WN,61.02034774556347, l,62.23138982438367
 s,L,L,2024,443,p ,48.948953002081666, ^O,52.5642464038057,c ,57.81331132227374
K u,f,R,2024,321,R{ S,45.727453460694704,_ Sm,58.39520528262573,rVGh,58.50995729988263
c L,L,L,2024,108, ,116.30563184988077,R ,121.88108959145384,Έ ꐬ,129.64677237138045
 ,L,L,2024,495,HR Č,53.84732595261606, C,54.287920110130756,c{ T,63.00793600809346
 ,y,R,2024,254,TY,63.9412470651383,Rc Nl,71.96529116581429,c ,74.33473008546248
ɓ TG,y,R,2024,125, đ,70.3846574190711,c ׎,83.09031231136396,ጎ ,86.60254037844386
 Mi,,R,2024,213,R{ S,76.3347889235308,er ,83.02215450444412, I,90.38565328215583
c O,,R,2024,160,V ,58.83026432033091, I,86.03699520631342,F ċP,96.0572745813663
c ,I,L,2024,261, q,39.72404813208241,p ,63.94528911499267, l,67.02010183637518
 W,\,L,2024,203, q,50.12983143797713,R ,75.20638270785267,p ,81.22807396460905
 Č,,R,2024,158,c _,60.30167031909272,c i,61.09009739720506,ΐ V,62.20128616033595
 ,_,L,2024,135,{ ׎j,63.15853069855251,Ǌ ,65.06150935845248, ,71.4142842854285
 m,,L,2024,102, ,78.76547467006087, BH,86.24963768039841,,87.45856161634491
 Jl,,L,2024,418, ,45.34313619501854, C,51.183278965707416,HR Č,51.35022559606624
V ,L,R,2024,159,Y ,105.59356040971439,F ċP,112.67209059922514,c ,120.7393887677091
IR I,,L,2024,154,p ,63.50590523722971, W,65.63778765846405, yP,65.72560201031214
Ό V,y,R,2024,172,b ,104.73503541530184,Y ,111.59749101122301,ؑ I,120.96280420029953
YJ mN,,R,2024,103,F ċP,83.19855767980596,GXRo[,83.28865468957942,V ,87.06319543871567
Si T,,R,2024,495, ,66.85057965343307,EB[[,69.44062211702888, đ,72.9657453878188
p ,,L,2024,217,Ζ hܘY,69.70601261702436,X F,73.62706403918952, T,77.34089663561224
c ,I,R,2024,369,OVA,57.06137047074842, GV,57.15767664977295, ח,71.25059600630016
C i,\,R,2024,120,Y ,87.55569655939013,ؑ I,90.73036977771004,V ,96.1405221537724
 n,,R,2024,133,Y ,99.36297097007517,GXRo[,104.07209039891531,c ,108.65081684000356
Έ ꐬ,,L,2024,219, ,63.86704940734306,HL Dl,64.60650122085238, BH,69.29646455628166
 Ј,,R,2024,184,GXRo[,32.69556544854363,F ċP,89.02808545621994,c ,89.78307190111062
ጎ ,I,R,2024,299,c ,73.95944834840239, Y,79.534520001576,Y ,81.65782265037441
 ,,R,2024,345,}Nu[,45.727453460694704, ,56.815490845367165,TY,59.255293679937886
IRG ڈ,,R,2024,157, đ,52.91502622129181,ጎ ,61.38403701289123,c ׎,64.2339474110069
܏\ ,,L,2024,127,,40.33608806019741, Đ,86.20904824900923,R WN,96.56552172770994
쐣 W,\,L,2024,156, ,57.201398584300364,c C,59.253691868102194, ,70.89319250625026
 ,,L,2024,313, l,66.82742968225999,p ,70.43436661176133,e ,70.66375201607238
 i,,R,2024,123,V ,31.096623610932426,F ċP,65.33758489567853,c ,73.08898685848642
 ^,f,L,2024,114,,35.41186241925155, Đ,96.0260381354974,R WN,97.66629281076848
c z,f,L,2024,236, Đ,46.20606020859169,c C,51.44900387762624, ,52.57375771237966
 Ĉ,L,R,2024,122,Y ,78.01281945936834, Y,94.30161052163032,l,94.47120875755843
쑺 Fl,\,L,2024,140, T,88.08870827125405,O E,92.58509599282165,{ ׎j,98.52918349402881
c KG,,L,2024,140,,53.59104402789705,R WN,86.21152635144773, Đ,87.42425292789181
 Y,,R,2024,311,JXe,61.41661013113635,mCW[,70.71774883294857,c ,73.72245248226622
 q,\,R,2024,282,J u,49.889878733065686,EH[J[,64.24173098539609,Zf[j,71.49825172687791
 \,I,R,2024,233,c ,51.633322573702344,V ,62.92058486695749,F ċP,65.5972560401729
ݓc s,,R,2024,298,mCW[,39.02563260217571,ΐ V,43.53159771935783,c ,55.65069631190611
J u,,R,2024,353,Zf[j,56.18718715152058, ,58.75365092124247,,59.472682804797024
씨 ,,L,2024,305, l,53.75958085276953,[c ,57.28646354580551,p ,61.57921727336261
R ,,L,2024,223,c z,52.220887588351175, ,56.45352070508977, G,63.209037995442976
Ό MK,L,R,2024,139,c i,47.29693436154187,c _,64.16253420015883, Dn,69.83552104767315
J M,,R,2024,239,V ,63.55312738174259,c ,93.16651759081692,F ċP,93.78166132032425
 E,,L,2024,460, ,56.97183503458402, l,58.24502134190804,c s,59.139200737743764
{ KY,,L,2024,329,c I,52.52902513781315,}[eB,77.38255857733995,T-c,97.93287818767634
 đ,,L,2024,144,[c ,69.44813798165607,哇 m,78.64389969485623,씨 ,85.62148230292219
i T,,R,2024,402,EB[[,63.92182725798755, C,69.84517008367642, ח,72.8914307816265
ΐ V,,R,2024,275,R{ S,46.20606020859169,_ Sm,51.96152422706632, \,58.79868381212859
c ,,R,2024,102,Y ,54.16641025580336,ؑ I,67.14164132637808,l,78.89617675752152
ږ Bv,f,R,2024,253,_ Sm,41.86884283091664, GV,63.96092557178953,}Lm,67.89698078707183
c l,I,L,2024,189, W,62.13694553162394, ,70.75309180523492, ,75.52483035399682
R SY,,L,2024,194,{ ׎j,73.7360156233031,Έ ꐬ,78.88246092020064, ,81.42481194328913
 Òq,f,L,2024,168,{[A,66.37770710110436,|R,80.80449484794914,T-c,88.74275478385846
 ,L,R,2024,304, Dn,51.87484939737175,EH[J[,64.90762667052309,frbh\,67.53517601961218
X hl,f,L,2024,200, ,50.89204259999789, Đ,56.74504383644443,R WN,58.00758556479232
n ,y,L,2024,154, ll,52.82991576748916,c s,61.56221013227726,e ,62.31623451002419
g ,,L,2024,232,,47.21228653645151, Đ,61.59545437773797,c z,61.626931831195414
n ,_,R,2024,137, ח,62.31043544680702,OVA,65.4828221749796,EB[[,69.4118145563131
 ll,,L,2024,287,c{ T,52.10566188045211,HR Č,65.14275262938715, C,76.44452456939966
V ĉ,,L,2024,137,,83.05419917138447,R WN,89.64128480037918, ,92.40129869217208
A ,\,R,2024,111,mCW[,49.50757517794625,ΐ V,54.286278192559855,JXe,54.8270006474912
wifX,,R,2024,240,J u,40.27406113120453,Zf[j,44.44097208657794,,46.93612681080534
 B,\,L,2024,237,HL Dl,68.38859554048467,J K,86.37708029332781, Y,90.13888627690852
Ǌ ,,L,2024,126,O E,87.50999942863673, T,90.11145839819305,{ ׎j,91.48770409186143
 ,,L,2024,264, ^O,61.71709649683789, s,77.55756956152743, Y,82.55569981090106
 ,y,L,2024,128,c z,49.746317442612394, ,53.207142377692115, G,67.77691847337117
嗢 V,I,L,2024,176, q,41.42463035441596, l,65.46371118884537, W,70.52494845734468
쑺 ,,R,2024,204,TY,50.99937903875106, ,54.35991169970753, ,60.91797764207213
eX,,R,2024,159,c i,60.481402100149765,_ Sm,79.57386505631105,쑺 C,86.02619999990223
c In,y,L,2024,128, W,44.328320518603, V,71.32320800412724,Ǌ ,74.82646590612174
